Country,Year,Greenhouse gas source and sink categories,Production/Consumption quantity description,Production/Consumption quantity (kt),Implied emission factors CO2 (t/t),Implied emission factors CH4 (t/t),Implied emission factors N2O (t/t),Emissions CO2 (kt),Emissions CH4 (kt),Emissions N2O (kt),Recovery/Capture CO2 fossil (kt),Recovery/Capture CO2 biogenic (kt),Recovery/Capture CO2 CH4 (kt),Recovery/Capture CO2 N2O (kt)
BEL,1990,2.B.4.a. Caprolactam,Caprolactam production,117.386,NA,,0.010223,NA,,1.2,NA,NA,,NA
BEL,1991,2.B.4.a. Caprolactam,Caprolactam production,116.606,NA,,0.010291,NA,,1.2,NA,NA,,NA
BEL,1992,2.B.4.a. Caprolactam,Caprolactam production,114.869,NA,,0.010447,NA,,1.2,NA,NA,,NA
BEL,1993,2.B.4.a. Caprolactam,Caprolactam production,106.96,NA,,0.011219,NA,,1.2,NA,NA,,NA
BEL,1994,2.B.4.a. Caprolactam,Caprolactam production,126.106,NA,,0.009516,NA,,1.2,NA,NA,,NA
BEL,1995,2.B.4.a. Caprolactam,Caprolactam production,123.744,NA,,0.009697,NA,,1.2,NA,NA,,NA
BEL,1996,2.B.4.a. Caprolactam,Caprolactam production,127.904,NA,,0.009382,NA,,1.2,NA,NA,,NA
BEL,1997,2.B.4.a. Caprolactam,Caprolactam production,139.74,NA,,0.006519,NA,,0.911,NA,NA,,NA
BEL,1998,2.B.4.a. Caprolactam,Caprolactam production,130.476,NA,,0.006216,NA,,0.811,NA,NA,,NA
BEL,1999,2.B.4.a. Caprolactam,Caprolactam production,145.027,NA,,0.005102,NA,,0.74,NA,NA,,NA
BEL,2000,2.B.4.a. Caprolactam,Caprolactam production,138.265,NA,,0.008187,NA,,1.132,NA,NA,,NA
BEL,2001,2.B.4.a. Caprolactam,Caprolactam production,145.752,NA,,0.007924,NA,,1.155,NA,NA,,NA
BEL,2002,2.B.4.a. Caprolactam,Caprolactam production,160.956,NA,,0.005753,NA,,0.926,NA,NA,,NA
BEL,2003,2.B.4.a. Caprolactam,Caprolactam production,157.392,NA,,0.004403,NA,,0.693,NA,NA,,NA
BEL,2004,2.B.4.a. Caprolactam,Caprolactam production,168.648,NA,,0.005319,NA,,0.897,NA,NA,,NA
BEL,2005,2.B.4.a. Caprolactam,Caprolactam production,184.202,NA,,0.006017,NA,,1.108433,NA,NA,,NA
BEL,2006,2.B.4.a. Caprolactam,Caprolactam production,191.221,NA,,0.008163,NA,,1.561,NA,NA,,NA
BEL,2007,2.B.4.a. Caprolactam,Caprolactam production,189.483,NA,,0.009201,NA,,1.7435,NA,NA,,NA
BEL,2008,2.B.4.a. Caprolactam,Caprolactam production,194.031,NA,,0.008095,NA,,1.5707,NA,NA,,NA
BEL,2009,2.B.4.a. Caprolactam,Caprolactam production,175.915,NA,,0.009777,NA,,1.72,NA,NA,,NA
BEL,2010,2.B.4.a. Caprolactam,Caprolactam production,210.691,NA,,0.010869,NA,,2.29,NA,NA,,NA
BEL,2011,2.B.4.a. Caprolactam,Caprolactam production,201.178,NA,,0.012054,NA,,2.425,NA,NA,,NA
BEL,2012,2.B.4.a. Caprolactam,Caprolactam production,207.055,NA,,0.011755,NA,,2.434,NA,NA,,NA
BEL,2013,2.B.4.a. Caprolactam,Caprolactam production,217.448,NA,,0.010499,NA,,2.283,NA,NA,,NA
BEL,2014,2.B.4.a. Caprolactam,Caprolactam production,200.04,NA,,0.01135,NA,,2.2705,NA,NA,,NA
BEL,2015,2.B.4.a. Caprolactam,Caprolactam production,214.997,NA,,0.009133,NA,,1.9636,NA,NA,,NA
BEL,2016,2.B.4.a. Caprolactam,Caprolactam production,228.932,NA,,0.009623,NA,,2.203,NA,NA,,NA
BEL,2017,2.B.4.a. Caprolactam,Caprolactam production,214.282,NA,,0.008999,NA,,1.9283,NA,NA,,NA
BEL,2018,2.B.4.a. Caprolactam,Caprolactam production,228.39,NA,,0.007865,NA,,1.7964,NA,NA,,NA
BEL,2019,2.B.4.a. Caprolactam,Caprolactam production,230.198,NA,,0.007035,NA,,1.619506,NA,NA,,NA
BEL,2020,2.B.4.a. Caprolactam,Caprolactam production,183.426,NA,,0.006662,NA,,1.221898,NA,NA,,NA
BEL,2021,2.B.4.a. Caprolactam,Caprolactam production,222.721,NA,,0.004905,NA,,1.09235,NA,NA,,NA
BEL,2022,2.B.4.a. Caprolactam,Caprolactam production,206.288,NA,,0.004802,NA,,0.990602,NA,NA,,NA
BEL,2023,2.B.4.a. Caprolactam,Caprolactam production,131.639,NA,,0.004359,NA,,0.5738,NA,NA,,NA
BLR,1990,2.B.4.a. Caprolactam,(please specify),121.4,NE,,0.008979,NE,,1.09,NE,NE,,NE
BLR,1991,2.B.4.a. Caprolactam,(please specify),117.4,NE,,0.009029,NE,,1.06,NE,NE,,NE
BLR,1992,2.B.4.a. Caprolactam,(please specify),99.5,NE,,0.009045,NE,,0.9,NE,NE,,NE
BLR,1993,2.B.4.a. Caprolactam,(please specify),65.8,NE,,0.008967,NE,,0.59,NE,NE,,NE
BLR,1994,2.B.4.a. Caprolactam,(please specify),52.5,NE,,0.008952,NE,,0.47,NE,NE,,NE
BLR,1995,2.B.4.a. Caprolactam,(please specify),101.2,NE,,0.008992,NE,,0.91,NE,NE,,NE
BLR,1996,2.B.4.a. Caprolactam,(please specify),98.2,NE,,0.008961,NE,,0.88,NE,NE,,NE
BLR,1997,2.B.4.a. Caprolactam,(please specify),91.8,NE,,0.009041,NE,,0.83,NE,NE,,NE
BLR,1998,2.B.4.a. Caprolactam,(please specify),85.4,NE,,0.009016,NE,,0.77,NE,NE,,NE
BLR,1999,2.B.4.a. Caprolactam,(please specify),98,NE,,0.00898,NE,,0.88,NE,NE,,NE
BLR,2000,2.B.4.a. Caprolactam,(please specify),113.3,NE,,0.009003,NE,,1.02,NE,NE,,NE
BLR,2001,2.B.4.a. Caprolactam,(please specify),105.8,NE,,0.008979,NE,,0.95,NE,NE,,NE
BLR,2002,2.B.4.a. Caprolactam,(please specify),104.3,NE,,0.009012,NE,,0.94,NE,NE,,NE
BLR,2003,2.B.4.a. Caprolactam,(please specify),108.8,NE,,0.009007,NE,,0.98,NE,NE,,NE
BLR,2004,2.B.4.a. Caprolactam,(please specify),105.3,NE,,0.009022,NE,,0.95,NE,NE,,NE
BLR,2005,2.B.4.a. Caprolactam,(please specify),110.1,NE,,0.008992,NE,,0.99,NE,NE,,NE
BLR,2006,2.B.4.a. Caprolactam,(please specify),115.8,NE,,0.008981,NE,,1.04,NE,NE,,NE
BLR,2007,2.B.4.a. Caprolactam,(please specify),123.5,NE,,0.008988,NE,,1.11,NE,NE,,NE
BLR,2008,2.B.4.a. Caprolactam,(please specify),119.7,NE,,0.009023,NE,,1.08,NE,NE,,NE
BLR,2009,2.B.4.a. Caprolactam,(please specify),115.1,NE,,0.009036,NE,,1.04,NE,NE,,NE
BLR,2010,2.B.4.a. Caprolactam,(please specify),127.8,NE,,0.008998,NE,,1.15,NE,NE,,NE
BLR,2011,2.B.4.a. Caprolactam,(please specify),131.4,NE,,0.00898,NE,,1.18,NE,NE,,NE
BLR,2012,2.B.4.a. Caprolactam,(please specify),121.27,NE,,0.008988,NE,,1.09,NE,NE,,NE
BLR,2013,2.B.4.a. Caprolactam,(please specify),129.13,NE,,0.008983,NE,,1.16,NE,NE,,NE
BLR,2014,2.B.4.a. Caprolactam,(please specify),121.73,NE,,0.009036,NE,,1.1,NE,NE,,NE
BLR,2015,2.B.4.a. Caprolactam,(please specify),128.12,NE,,0.008976,NE,,1.15,NE,NE,,NE
BLR,2016,2.B.4.a. Caprolactam,(please specify),108.66,NE,,0.009019,NE,,0.98,NE,NE,,NE
BLR,2017,2.B.4.a. Caprolactam,(please specify),111.24,NE,,0.00899,NE,,1,NE,NE,,NE
BLR,2018,2.B.4.a. Caprolactam,(please specify),124.678,NE,,0.008983,NE,,1.12,NE,NE,,NE
BLR,2019,2.B.4.a. Caprolactam,(please specify),108.145,NE,,0.008969,NE,,0.97,NE,NE,,NE
BLR,2020,2.B.4.a. Caprolactam,(please specify),60.33,NE,,0.008951,NE,,0.54,NE,NE,,NE
BLR,2021,2.B.4.a. Caprolactam,(please specify),C,NE,,C,NE,,0.7,NE,NE,,NE
BLR,2022,2.B.4.a. Caprolactam,(please specify),C,NE,,C,NE,,0.681849,NE,NE,,NE
BLR,2023,2.B.4.a. Caprolactam,(please specify),C,NE,,C,NE,,0.72,NE,NE,,NE
BRA,1990,2.B.4.a. Caprolactam,Caprolactam production,42.059,NA,,0.009,NA,,0.378531,NA,NA,,NA
BRA,1991,2.B.4.a. Caprolactam,Caprolactam production,47.193,NA,,0.009,NA,,0.424737,NA,NA,,NA
BRA,1992,2.B.4.a. Caprolactam,Caprolactam production,41.699,NA,,0.009,NA,,0.375291,NA,NA,,NA
BRA,1993,2.B.4.a. Caprolactam,Caprolactam production,50.824,NA,,0.009,NA,,0.457416,NA,NA,,NA
BRA,1994,2.B.4.a. Caprolactam,Caprolactam production,50.838,NA,,0.009,NA,,0.457542,NA,NA,,NA
BRA,1995,2.B.4.a. Caprolactam,Caprolactam production,52.608,NA,,0.009,NA,,0.473472,NA,NA,,NA
BRA,1996,2.B.4.a. Caprolactam,Caprolactam production,54.712,NA,,0.009,NA,,0.492408,NA,NA,,NA
BRA,1997,2.B.4.a. Caprolactam,Caprolactam production,56.024,NA,,0.009,NA,,0.504216,NA,NA,,NA
BRA,1998,2.B.4.a. Caprolactam,Caprolactam production,42.973,NA,,0.009,NA,,0.386757,NA,NA,,NA
BRA,1999,2.B.4.a. Caprolactam,Caprolactam production,50.498,NA,,0.009,NA,,0.454482,NA,NA,,NA
BRA,2000,2.B.4.a. Caprolactam,Caprolactam production,56.005,NA,,0.009,NA,,0.504045,NA,NA,,NA
BRA,2001,2.B.4.a. Caprolactam,Caprolactam production,48.55,NA,,0.009,NA,,0.43695,NA,NA,,NA
BRA,2002,2.B.4.a. Caprolactam,Caprolactam production,57.519,NA,,0.009,NA,,0.517671,NA,NA,,NA
BRA,2003,2.B.4.a. Caprolactam,Caprolactam production,48.847,NA,,0.009,NA,,0.439623,NA,NA,,NA
BRA,2004,2.B.4.a. Caprolactam,Caprolactam production,50.472,NA,,0.009,NA,,0.454248,NA,NA,,NA
BRA,2005,2.B.4.a. Caprolactam,Caprolactam production,49.6553,NA,,0.009,NA,,0.446898,NA,NA,,NA
BRA,2006,2.B.4.a. Caprolactam,Caprolactam production,44.906,NA,,0.009,NA,,0.404154,NA,NA,,NA
BRA,2007,2.B.4.a. Caprolactam,Caprolactam production,49.592,NA,,0.009,NA,,0.446328,NA,NA,,NA
BRA,2008,2.B.4.a. Caprolactam,Caprolactam production,55.3948,NA,,0.009,NA,,0.498553,NA,NA,,NA
BRA,2009,2.B.4.a. Caprolactam,Caprolactam production,13.282,NA,,0.009,NA,,0.119538,NA,NA,,NA
CHN,2005,2.B.4.a. Caprolactam,(please specify),212,NO,,0.009,,,1.908,NO,NO,,
CHN,2020,2.B.4.a. Caprolactam,(please specify),3529.3,NO,,0.009,,,31.764,NO,NO,,
CHN,2021,2.B.4.a. Caprolactam,(please specify),3958.7,NO,,0.009,,,35.628,NO,NO,,
COL,1990,2.B.4.a. Caprolactam,Caprolactam production,26.072,"NA,NO",,0.009000,NA,,0.234648,NO,NO,,NO
COL,1991,2.B.4.a. Caprolactam,Caprolactam production,30.384,"NA,NO",,0.009000,NA,,0.273456,NO,NO,,NO
COL,1992,2.B.4.a. Caprolactam,Caprolactam production,26.206,"NA,NO",,0.009000,NA,,0.235854,NO,NO,,NO
COL,1993,2.B.4.a. Caprolactam,Caprolactam production,23.621,"NA,NO",,0.009000,NA,,0.212589,NO,NO,,NO
COL,1994,2.B.4.a. Caprolactam,Caprolactam production,19.54,"NA,NO",,0.009000,NA,,0.17586,NO,NO,,NO
COL,1995,2.B.4.a. Caprolactam,Caprolactam production,24.68,"NA,NO",,0.009000,NA,,0.22212,NO,NO,,NO
COL,1996,2.B.4.a. Caprolactam,Caprolactam production,30.062,"NA,NO",,0.009000,NA,,0.270558,NO,NO,,NO
COL,1997,2.B.4.a. Caprolactam,Caprolactam production,28.53074,"NA,NO",,0.009000,NA,,0.256777,NO,NO,,NO
COL,1998,2.B.4.a. Caprolactam,Caprolactam production,26.9141,"NA,NO",,0.009000,NA,,0.242227,NO,NO,,NO
COL,1999,2.B.4.a. Caprolactam,Caprolactam production,29.9809,"NA,NO",,0.009000,NA,,0.269828,NO,NO,,NO
COL,2000,2.B.4.a. Caprolactam,Caprolactam production,29.7568,"NA,NO",,0.009000,NA,,0.267811,NO,NO,,NO
COL,2001,2.B.4.a. Caprolactam,Caprolactam production,23.1352,"NA,NO",,0.009000,NA,,0.208217,NO,NO,,NO
COL,2002,2.B.4.a. Caprolactam,Caprolactam production,28.94944,"NA,NO",,0.009000,NA,,0.260545,NO,NO,,NO
COL,2003,2.B.4.a. Caprolactam,Caprolactam production,31.586,"NA,NO",,0.009000,NA,,0.284274,NO,NO,,NO
COL,2004,2.B.4.a. Caprolactam,Caprolactam production,31.4745,"NA,NO",,0.009000,NA,,0.28327,NO,NO,,NO
COL,2005,2.B.4.a. Caprolactam,Caprolactam production,31.0654,"NA,NO",,0.009000,NA,,0.279589,NO,NO,,NO
COL,2006,2.B.4.a. Caprolactam,Caprolactam production,29.9194,"NA,NO",,0.009000,NA,,0.269275,NO,NO,,NO
COL,2007,2.B.4.a. Caprolactam,Caprolactam production,32.055,"NA,NO",,0.009000,NA,,0.288495,NO,NO,,NO
COL,2008,2.B.4.a. Caprolactam,Caprolactam production,28.047,"NA,NO",,0.009000,NA,,0.252423,NO,NO,,NO
COL,2009,2.B.4.a. Caprolactam,Caprolactam production,29.417,"NA,NO",,0.009000,NA,,0.264753,NO,NO,,NO
COL,2010,2.B.4.a. Caprolactam,Caprolactam production,28.304,"NA,NO",,0.009000,NA,,0.254736,NO,NO,,NO
COL,2011,2.B.4.a. Caprolactam,Caprolactam production,29.219,"NA,NO",,0.009000,NA,,0.262971,NO,NO,,NO
COL,2012,2.B.4.a. Caprolactam,Caprolactam production,26.239,"NA,NO",,0.009000,NA,,0.236151,NO,NO,,NO
COL,2013,2.B.4.a. Caprolactam,Caprolactam production,15.134,"NA,NO",,0.009000,NA,,0.136206,NO,NO,,NO
CZE,1990,2.B.4.a. Caprolactam,(please specify),C,NA,,C,NA,,0.259686,NA,NA,,NA
CZE,1991,2.B.4.a. Caprolactam,(please specify),C,NA,,C,NA,,0.251256,NA,NA,,NA
CZE,1992,2.B.4.a. Caprolactam,(please specify),C,NA,,C,NA,,0.222727,NA,NA,,NA
CZE,1993,2.B.4.a. Caprolactam,(please specify),C,NA,,C,NA,,0.236145,NA,NA,,NA
CZE,1994,2.B.4.a. Caprolactam,(please specify),C,NA,,C,NA,,0.202681,NA,NA,,NA
CZE,1995,2.B.4.a. Caprolactam,(please specify),C,NA,,C,NA,,0.248623,NA,NA,,NA
CZE,1996,2.B.4.a. Caprolactam,(please specify),C,NA,,C,NA,,0.240249,NA,NA,,NA
CZE,1997,2.B.4.a. Caprolactam,(please specify),C,NA,,C,NA,,0.242398,NA,NA,,NA
CZE,1998,2.B.4.a. Caprolactam,(please specify),C,NA,,C,NA,,0.210752,NA,NA,,NA
CZE,1999,2.B.4.a. Caprolactam,(please specify),C,NA,,C,NA,,0.247728,NA,NA,,NA
CZE,2000,2.B.4.a. Caprolactam,(please specify),C,NA,,C,NA,,0.255406,NA,NA,,NA
CZE,2001,2.B.4.a. Caprolactam,(please specify),C,NA,,C,NA,,0.241116,NA,NA,,NA
CZE,2002,2.B.4.a. Caprolactam,(please specify),C,NA,,C,NA,,0.147676,NA,NA,,NA
CZE,2003,2.B.4.a. Caprolactam,(please specify),C,NA,,C,NA,,0.220938,NA,NA,,NA
CZE,2004,2.B.4.a. Caprolactam,(please specify),C,NA,,C,NA,,0.239822,NA,NA,,NA
CZE,2005,2.B.4.a. Caprolactam,(please specify),C,NA,,C,NA,,0.268299,NA,NA,,NA
CZE,2006,2.B.4.a. Caprolactam,(please specify),C,NA,,C,NA,,0.270357,NA,NA,,NA
CZE,2007,2.B.4.a. Caprolactam,(please specify),C,NA,,C,NA,,0.271206,NA,NA,,NA
CZE,2008,2.B.4.a. Caprolactam,(please specify),C,NA,,C,NA,,0.214297,NA,NA,,NA
CZE,2009,2.B.4.a. Caprolactam,(please specify),C,NA,,C,NA,,0.221314,NA,NA,,NA
CZE,2010,2.B.4.a. Caprolactam,(please specify),C,NA,,C,NA,,0.247779,NA,NA,,NA
CZE,2011,2.B.4.a. Caprolactam,(please specify),C,NA,,C,NA,,0.264645,NA,NA,,NA
CZE,2012,2.B.4.a. Caprolactam,(please specify),C,NA,,C,NA,,0.257389,NA,NA,,NA
CZE,2013,2.B.4.a. Caprolactam,(please specify),C,NA,,C,NA,,0.217238,NA,NA,,NA
CZE,2014,2.B.4.a. Caprolactam,(please specify),C,NA,,C,NA,,0.231785,NA,NA,,NA
CZE,2015,2.B.4.a. Caprolactam,(please specify),C,NA,,C,NA,,0.247545,NA,NA,,NA
CZE,2016,2.B.4.a. Caprolactam,(please specify),C,NA,,C,NA,,0.223326,NA,NA,,NA
CZE,2017,2.B.4.a. Caprolactam,(please specify),C,NA,,C,NA,,0.231836,NA,NA,,NA
CZE,2018,2.B.4.a. Caprolactam,(please specify),C,NA,,C,NA,,0.242877,NA,NA,,NA
CZE,2019,2.B.4.a. Caprolactam,(please specify),C,NA,,C,NA,,0.219165,NA,NA,,NA
CZE,2020,2.B.4.a. Caprolactam,(please specify),C,NA,,C,NA,,0.228182,NA,NA,,NA
CZE,2021,2.B.4.a. Caprolactam,(please specify),C,NA,,C,NA,,0.242826,NA,NA,,NA
CZE,2022,2.B.4.a. Caprolactam,(please specify),C,NA,,C,NA,,0.209059,NA,NA,,NA
CZE,2023,2.B.4.a. Caprolactam,(please specify),C,NA,,C,NA,,0.12613,NA,NA,,NA
ESP,1990,2.B.4.a. Caprolactam,Caprolactam production,C,NA,,C,NA,,0.420381,NA,NA,,NA
ESP,1991,2.B.4.a. Caprolactam,Caprolactam production,C,NA,,C,NA,,0.403983,NA,NA,,NA
ESP,1992,2.B.4.a. Caprolactam,Caprolactam production,C,NA,,C,NA,,0.489645,NA,NA,,NA
ESP,1993,2.B.4.a. Caprolactam,Caprolactam production,C,NA,,C,NA,,0.514458,NA,NA,,NA
ESP,1994,2.B.4.a. Caprolactam,Caprolactam production,C,NA,,C,NA,,0.526806,NA,NA,,NA
ESP,1995,2.B.4.a. Caprolactam,Caprolactam production,C,NA,,C,NA,,0.549252,NA,NA,,NA
ESP,1996,2.B.4.a. Caprolactam,Caprolactam production,C,NA,,C,NA,,0.568989,NA,NA,,NA
ESP,1997,2.B.4.a. Caprolactam,Caprolactam production,C,NA,,C,NA,,0.637884,NA,NA,,NA
ESP,1998,2.B.4.a. Caprolactam,Caprolactam production,C,NA,,C,NA,,0.624186,NA,NA,,NA
ESP,1999,2.B.4.a. Caprolactam,Caprolactam production,C,NA,,C,NA,,0.621279,NA,NA,,NA
ESP,2000,2.B.4.a. Caprolactam,Caprolactam production,C,NA,,C,NA,,0.660195,NA,NA,,NA
ESP,2001,2.B.4.a. Caprolactam,Caprolactam production,C,NA,,C,NA,,0.652446,NA,NA,,NA
ESP,2002,2.B.4.a. Caprolactam,Caprolactam production,C,NA,,C,NA,,0.702549,NA,NA,,NA
ESP,2003,2.B.4.a. Caprolactam,Caprolactam production,C,NA,,C,NA,,0.740223,NA,NA,,NA
ESP,2004,2.B.4.a. Caprolactam,Caprolactam production,C,NA,,C,NA,,0.795771,NA,NA,,NA
ESP,2005,2.B.4.a. Caprolactam,Caprolactam production,C,NA,,C,NA,,0.820764,NA,NA,,NA
ESP,2006,2.B.4.a. Caprolactam,Caprolactam production,C,NA,,C,NA,,0.807444,NA,NA,,NA
ESP,2007,2.B.4.a. Caprolactam,Caprolactam production,C,NA,,C,NA,,0.856647,NA,NA,,NA
ESP,2008,2.B.4.a. Caprolactam,Caprolactam production,C,NA,,C,NA,,0.730692,NA,NA,,NA
ESP,2009,2.B.4.a. Caprolactam,Caprolactam production,C,NA,,C,NA,,0.75303,NA,NA,,NA
ESP,2010,2.B.4.a. Caprolactam,Caprolactam production,C,NA,,C,NA,,0.838737,NA,NA,,NA
ESP,2011,2.B.4.a. Caprolactam,Caprolactam production,C,NA,,C,NA,,0.699021,NA,NA,,NA
ESP,2012,2.B.4.a. Caprolactam,Caprolactam production,C,NA,,C,NA,,0.855252,NA,NA,,NA
ESP,2013,2.B.4.a. Caprolactam,Caprolactam production,C,NA,,C,NA,,0.85086,NA,NA,,NA
ESP,2014,2.B.4.a. Caprolactam,Caprolactam production,C,NA,,C,NA,,0.833013,NA,NA,,NA
ESP,2015,2.B.4.a. Caprolactam,Caprolactam production,C,NA,,C,NA,,0.851301,NA,NA,,NA
ESP,2016,2.B.4.a. Caprolactam,Caprolactam production,C,NA,,C,NA,,0.892035,NA,NA,,NA
ESP,2017,2.B.4.a. Caprolactam,Caprolactam production,C,NA,,C,NA,,0.868932,NA,NA,,NA
ESP,2018,2.B.4.a. Caprolactam,Caprolactam production,C,NA,,C,NA,,0.925092,NA,NA,,NA
ESP,2019,2.B.4.a. Caprolactam,Caprolactam production,C,NA,,C,NA,,0.871299,NA,NA,,NA
ESP,2020,2.B.4.a. Caprolactam,Caprolactam production,C,NA,,C,NA,,0.874532,NA,NA,,NA
ESP,2021,2.B.4.a. Caprolactam,Caprolactam production,C,NA,,C,NA,,0.776628,NA,NA,,NA
ESP,2022,2.B.4.a. Caprolactam,Caprolactam production,C,NA,,C,NA,,0.694386,NA,NA,,NA
ESP,2023,2.B.4.a. Caprolactam,Caprolactam production,C,NA,,C,NA,,0.70014,NA,NA,,NA
EUA,1990,2.B.4.a. Caprolactam,,375.674,"NO,NA",,"C,NO,IE","NO,NA",,5.229123,"NO,NA","NO,NA",,"NO,IE,NA"
EUA,1991,2.B.4.a. Caprolactam,,365.258,"NO,NA",,"NO,IE,C","NO,NA",,4.813864,"NO,NA","NO,NA",,"NO,IE,NA"
EUA,1992,2.B.4.a. Caprolactam,,357.55,"NO,NA",,"NO,IE,C","NO,NA",,4.782583,"NO,NA","NO,NA",,"NO,IE,NA"
EUA,1993,2.B.4.a. Caprolactam,,349.129,"NO,NA",,"NO,IE,C","NO,NA",,4.652568,"NO,NA","NO,NA",,"NO,IE,NA"
EUA,1994,2.B.4.a. Caprolactam,,369.38,"NO,NA",,"IE,NO,C","NO,NA",,5.253117,"NO,NA","NO,NA",,"NO,NA,IE"
EUA,1995,2.B.4.a. Caprolactam,,392.02,"NO,NA",,"IE,NO,C","NO,NA",,5.437975,"NO,NA","NO,NA",,"NO,IE,NA"
EUA,1996,2.B.4.a. Caprolactam,,386.773,"NO,NA",,"NO,IE,C","NO,NA",,5.473963,"NO,NA","NO,NA",,"NO,IE,NA"
EUA,1997,2.B.4.a. Caprolactam,,408.434,"NA,NO",,"C,NO,IE","NA,NO",,5.101615,"NA,NO","NA,NO",,"NA,NO,IE"
EUA,1998,2.B.4.a. Caprolactam,,381.586,"NA,NO",,"IE,NO,C","NA,NO",,5.075412,"NA,NO","NA,NO",,"IE,NA,NO"
EUA,1999,2.B.4.a. Caprolactam,,395.615,"NO,NA",,"NO,IE,C","NO,NA",,4.711234,"NO,NA","NO,NA",,"NO,IE,NA"
EUA,2000,2.B.4.a. Caprolactam,,412.388,"NO,NA",,"C,NO,IE","NO,NA",,5.953009,"NO,NA","NO,NA",,"NO,NA,IE"
EUA,2001,2.B.4.a. Caprolactam,,385.752,"NA,NO",,"NO,IE,C","NA,NO",,5.576599,"NA,NO","NA,NO",,"NO,NA,IE"
EUA,2002,2.B.4.a. Caprolactam,,391.956,"NA,NO",,"C,IE,NO","NA,NO",,5.428973,"NA,NO","NA,NO",,"IE,NA,NO"
EUA,2003,2.B.4.a. Caprolactam,,317.06534,"NA,NO",,"NO,IE,C","NA,NO",,5.366548,"NA,NO","NA,NO",,"NA,NO,IE"
EUA,2004,2.B.4.a. Caprolactam,,318.138,"NO,NA",,"C,NO,IE","NO,NA",,5.732896,"NO,NA","NO,NA",,"NO,NA,IE"
EUA,2005,2.B.4.a. Caprolactam,,343.935,"NA,NO",,"C,IE,NO","NA,NO",,6.03323,"NA,NO","NA,NO",,"NA,IE,NO"
EUA,2006,2.B.4.a. Caprolactam,,350.929,"NO,NA",,"C,NO,IE","NO,NA",,6.504017,"NO,NA","NO,NA",,"NA,NO,IE"
EUA,2007,2.B.4.a. Caprolactam,,347.085,"NO,NA",,"NO,C,IE","NO,NA",,6.509086,"NO,NA","NO,NA",,"NO,NA,IE"
EUA,2008,2.B.4.a. Caprolactam,,338.883,"NA,NO",,"IE,NO,C","NA,NO",,5.962088,"NA,NO","NA,NO",,"NA,NO,IE"
EUA,2009,2.B.4.a. Caprolactam,,320.889,"NA,NO",,"C,IE,NO","NA,NO",,6.538621,"NA,NO","NA,NO",,"NA,IE,NO"
EUA,2010,2.B.4.a. Caprolactam,,369.998,"NO,NA",,"NO,IE,C","NO,NA",,6.969731,"NO,NA","NO,NA",,"NO,IE,NA"
EUA,2011,2.B.4.a. Caprolactam,,365.222,"NO,NA",,"NO,C,IE","NO,NA",,7.274235,"NO,NA","NO,NA",,"NO,NA,IE"
EUA,2012,2.B.4.a. Caprolactam,,370.05,"NA,NO",,"NO,IE,C","NA,NO",,7.320938,"NA,NO","NA,NO",,"NA,NO,IE"
EUA,2013,2.B.4.a. Caprolactam,,377.364,"NA,NO",,"C,NO,IE","NA,NO",,7.1209,"NA,NO","NA,NO",,"NA,IE,NO"
EUA,2014,2.B.4.a. Caprolactam,,367.641,"NA,NO",,"C,NO,IE","NA,NO",,7.061527,"NA,NO","NA,NO",,"NA,IE,NO"
EUA,2015,2.B.4.a. Caprolactam,,379.692,"NA,NO",,"IE,C,NO","NA,NO",,6.533633,"NA,NO","NA,NO",,"IE,NA,NO"
EUA,2016,2.B.4.a. Caprolactam,,393.358,"NA,NO",,"IE,NO,C","NA,NO",,6.09918,"NA,NO","NA,NO",,"NA,IE,NO"
EUA,2017,2.B.4.a. Caprolactam,,381.814,"NA,NO",,"C,IE,NO","NA,NO",,5.855775,"NA,NO","NA,NO",,"NA,IE,NO"
EUA,2018,2.B.4.a. Caprolactam,,394.537,"NO,NA",,"NO,IE,C","NO,NA",,5.533877,"NO,NA","NO,NA",,"NO,NA,IE"
EUA,2019,2.B.4.a. Caprolactam,,396.714,"NA,NO",,"IE,C,NO","NA,NO",,5.124507,"NA,NO","NA,NO",,"NA,IE,NO"
EUA,2020,2.B.4.a. Caprolactam,,341.175,"NA,NO",,"IE,NO,C","NA,NO",,4.43518,"NA,NO","NA,NO",,"IE,NO,NA"
EUA,2021,2.B.4.a. Caprolactam,,392.709,"NO,NA",,"C,IE,NO","NO,NA",,3.633164,"NO,NA","NO,NA",,"NO,IE,NA"
EUA,2022,2.B.4.a. Caprolactam,,339.216,"NO,NA",,"C,NO,IE","NO,NA",,2.518696,"NO,NA","NO,NA",,"IE,NO,NA"
EUA,2023,2.B.4.a. Caprolactam,,222.658,"NA,NO",,"C,IE,NO","NA,NO",,1.787672,"NA,NO","NA,NO",,"NA,IE,NO"
ITA,1990,2.B.4.a. Caprolactam,Caprolactam production,120,NA,,0.0003,NA,,0.036,NA,NA,,NO
ITA,1991,2.B.4.a. Caprolactam,Caprolactam production,120,NA,,0.0003,NA,,0.036,NA,NA,,NO
ITA,1992,2.B.4.a. Caprolactam,Caprolactam production,120,NA,,0.0003,NA,,0.036,NA,NA,,NO
ITA,1993,2.B.4.a. Caprolactam,Caprolactam production,120,NA,,0.0003,NA,,0.036,NA,NA,,NO
ITA,1994,2.B.4.a. Caprolactam,Caprolactam production,120,NA,,0.0003,NA,,0.036,NA,NA,,NO
ITA,1995,2.B.4.a. Caprolactam,Caprolactam production,120,NA,,0.0003,NA,,0.036,NA,NA,,NO
ITA,1996,2.B.4.a. Caprolactam,Caprolactam production,113.1,NA,,0.0003,NA,,0.03393,NA,NA,,NO
ITA,1997,2.B.4.a. Caprolactam,Caprolactam production,116.4,NA,,0.0003,NA,,0.03492,NA,NA,,NO
ITA,1998,2.B.4.a. Caprolactam,Caprolactam production,99.8,NA,,0.0003,NA,,0.02994,NA,NA,,NO
ITA,1999,2.B.4.a. Caprolactam,Caprolactam production,101,NA,,0.0003,NA,,0.0303,NA,NA,,NO
ITA,2000,2.B.4.a. Caprolactam,Caprolactam production,111.2,NA,,0.0003,NA,,0.03336,NA,NA,,NO
ITA,2001,2.B.4.a. Caprolactam,Caprolactam production,91.4,NA,,0.0003,NA,,0.02742,NA,NA,,NO
ITA,2002,2.B.4.a. Caprolactam,Caprolactam production,78.1,NA,,0.000294,NA,,0.022998,NA,NA,,NO
ITA,2003,2.B.4.a. Caprolactam,Caprolactam production,7.3,NA,,0.00037,NA,,0.0027,NA,NA,,NO
JPN,1990,2.B.4.a. Caprolactam,Caprolactam production,516.378,NA,,0.009033,NA,,4.66427,NA,NA,,NE
JPN,1991,2.B.4.a. Caprolactam,Caprolactam production,537.375,NA,,0.009029,NA,,4.852125,NA,NA,,NE
JPN,1992,2.B.4.a. Caprolactam,Caprolactam production,542.06,NA,,0.00903,NA,,4.894671,NA,NA,,NE
JPN,1993,2.B.4.a. Caprolactam,Caprolactam production,505.721,NA,,0.009027,NA,,4.564982,NA,NA,,NE
JPN,1994,2.B.4.a. Caprolactam,Caprolactam production,532.677,NA,,0.009029,NA,,4.809758,NA,NA,,NE
JPN,1995,2.B.4.a. Caprolactam,Caprolactam production,545.734,NA,,0.009028,NA,,4.926863,NA,NA,,NE
JPN,1996,2.B.4.a. Caprolactam,Caprolactam production,551.59,NA,,0.009031,NA,,4.981157,NA,NA,,NE
JPN,1997,2.B.4.a. Caprolactam,Caprolactam production,552.052,NA,,0.009029,NA,,4.98464,NA,NA,,NE
JPN,1998,2.B.4.a. Caprolactam,Caprolactam production,525.211,NA,,0.009032,NA,,4.743799,NA,NA,,NE
JPN,1999,2.B.4.a. Caprolactam,Caprolactam production,598.31,NA,,0.009033,NA,,5.404463,NA,NA,,NE
JPN,2000,2.B.4.a. Caprolactam,Caprolactam production,575.028,NA,,0.009035,NA,,5.195168,NA,NA,,NE
JPN,2001,2.B.4.a. Caprolactam,Caprolactam production,505.544,NA,,0.009051,NA,,4.575747,NA,NA,,NE
JPN,2002,2.B.4.a. Caprolactam,Caprolactam production,531.619,NA,,0.009057,NA,,4.814678,NA,NA,,NE
JPN,2003,2.B.4.a. Caprolactam,Caprolactam production,537.339,NA,,0.009045,NA,,4.860139,NA,NA,,NE
JPN,2004,2.B.4.a. Caprolactam,Caprolactam production,485.336,NA,,0.007838,NA,,3.803918,NA,NA,,NE
JPN,2005,2.B.4.a. Caprolactam,Caprolactam production,455.423,NA,,0.007372,NA,,3.357445,NA,NA,,NE
JPN,2006,2.B.4.a. Caprolactam,Caprolactam production,470.331,NA,,0.006313,NA,,2.968986,NA,NA,,NE
JPN,2007,2.B.4.a. Caprolactam,Caprolactam production,473.854,NA,,0.006159,NA,,2.918372,NA,NA,,NE
JPN,2008,2.B.4.a. Caprolactam,Caprolactam production,364.758,NA,,0.006771,NA,,2.469822,NA,NA,,NE
JPN,2009,2.B.4.a. Caprolactam,Caprolactam production,401.417,NA,,0.00627,NA,,2.516785,NA,NA,,NE
JPN,2010,2.B.4.a. Caprolactam,Caprolactam production,411.107,NA,,0.006222,NA,,2.557972,NA,NA,,NE
JPN,2011,2.B.4.a. Caprolactam,Caprolactam production,392.418,NA,,0.006326,NA,,2.482533,NA,NA,,NE
JPN,2012,2.B.4.a. Caprolactam,Caprolactam production,366.061,NA,,0.006288,NA,,2.301696,NA,NA,,NE
JPN,2013,2.B.4.a. Caprolactam,Caprolactam production,341.501,NA,,0.005614,NA,,1.917038,NA,NA,,NE
JPN,2014,2.B.4.a. Caprolactam,Caprolactam production,265.87,NA,,0.004731,NA,,1.257964,NA,NA,,NE
JPN,2015,2.B.4.a. Caprolactam,Caprolactam production,240.786,NA,,0.003736,NA,,0.899672,NA,NA,,NE
JPN,2016,2.B.4.a. Caprolactam,Caprolactam production,220.474,NA,,0.002264,NA,,0.499111,NA,NA,,NE
JPN,2017,2.B.4.a. Caprolactam,Caprolactam production,223.297,NA,,0.002449,NA,,0.546867,NA,NA,,NE
JPN,2018,2.B.4.a. Caprolactam,Caprolactam production,210.248,NA,,0.002052,NA,,0.431466,NA,NA,,NE
JPN,2019,2.B.4.a. Caprolactam,Caprolactam production,190.323,NA,,0.002695,NA,,0.512849,NA,NA,,NE
JPN,2020,2.B.4.a. Caprolactam,Caprolactam production,196.039,NA,,0.002041,NA,,0.400193,NA,NA,,NE
JPN,2021,2.B.4.a. Caprolactam,Caprolactam production,217.448,NA,,0.002177,NA,,0.473313,NA,NA,,NE
JPN,2022,2.B.4.a. Caprolactam,Caprolactam production,C,NA,,C,NA,,0.365568,NA,NA,,NE
JPN,2023,2.B.4.a. Caprolactam,Caprolactam production,C,NA,,C,NA,,0.320626,NA,NA,,NE
MEX,1990,2.B.4.a. Caprolactam,(please specify),71,"NA,NO",,0.009,NA,,0.639,NO,NO,,NO
MEX,1991,2.B.4.a. Caprolactam,(please specify),75,"NA,NO",,0.009005,NA,,0.675351,NO,NO,,NO
MEX,1992,2.B.4.a. Caprolactam,(please specify),76,"NA,NO",,0.008995,NA,,0.683649,NO,NO,,NO
MEX,1993,2.B.4.a. Caprolactam,(please specify),63.5,"NA,NO",,0.008997,NA,,0.571329,NO,NO,,NO
MEX,1994,2.B.4.a. Caprolactam,(please specify),70.2,"NA,NO",,0.008995,NA,,0.631476,NO,NO,,NO
MEX,1995,2.B.4.a. Caprolactam,(please specify),74.6,"NA,NO",,0.008997,NA,,0.671184,NO,NO,,NO
MEX,1996,2.B.4.a. Caprolactam,(please specify),76,"NA,NO",,0.009002,NA,,0.68418,NO,NO,,NO
MEX,1997,2.B.4.a. Caprolactam,(please specify),80.2,"NA,NO",,0.009003,NA,,0.72207,NO,NO,,NO
MEX,1998,2.B.4.a. Caprolactam,(please specify),82.2,"NA,NO",,0.009005,NA,,0.740205,NO,NO,,NO
MEX,1999,2.B.4.a. Caprolactam,(please specify),82.3,"NA,NO",,0.009001,NA,,0.740745,NO,NO,,NO
MEX,2000,2.B.4.a. Caprolactam,(please specify),83.1,"NA,NO",,0.008997,NA,,0.74763,NO,NO,,NO
MEX,2001,2.B.4.a. Caprolactam,(please specify),68.9,"NA,NO",,0.009,NA,,0.620073,NO,NO,,NO
MEX,2002,2.B.4.a. Caprolactam,(please specify),68.5,"NA,NO",,0.009002,NA,,0.616653,NO,NO,,NO
MEX,2003,2.B.4.a. Caprolactam,(please specify),78.5,"NA,NO",,0.009006,NA,,0.706941,NO,NO,,NO
MEX,2004,2.B.4.a. Caprolactam,(please specify),78.8,"NA,NO",,0.008996,NA,,0.708849,NO,NO,,NO
MEX,2005,2.B.4.a. Caprolactam,(please specify),78.1,"NA,NO",,0.008994,NA,,0.702459,NO,NO,,NO
MEX,2006,2.B.4.a. Caprolactam,(please specify),80.9,"NA,NO",,0.009,NA,,0.728082,NO,NO,,NO
MEX,2007,2.B.4.a. Caprolactam,(please specify),78.1,"NA,NO",,0.008998,NA,,0.702729,NO,NO,,NO
MEX,2008,2.B.4.a. Caprolactam,(please specify),57.5,"NA,NO",,0.008999,NA,,0.517464,NO,NO,,NO
MEX,2009,2.B.4.a. Caprolactam,(please specify),68.5,"NA,NO",,0.009006,NA,,0.616923,NO,NO,,NO
MEX,2010,2.B.4.a. Caprolactam,(please specify),76.9,"NA,NO",,0.008999,NA,,0.692046,NO,NO,,NO
MEX,2011,2.B.4.a. Caprolactam,(please specify),81.4,"NA,NO",,0.009004,NA,,0.732888,NO,NO,,NO
MEX,2012,2.B.4.a. Caprolactam,(please specify),75.1,"NA,NO",,0.009005,NA,,0.676305,NO,NO,,NO
MEX,2013,2.B.4.a. Caprolactam,(please specify),70.11,"NA,NO",,0.009,NA,,0.630981,NO,NO,,NO
MEX,2014,2.B.4.a. Caprolactam,(please specify),66.5,"NA,NO",,0.008998,NA,,0.598374,NO,NO,,NO
MEX,2015,2.B.4.a. Caprolactam,(please specify),68.3,"NA,NO",,0.009,NA,,0.614682,NO,NO,,NO
MEX,2016,2.B.4.a. Caprolactam,(please specify),62.6,"NA,NO",,0.009004,NA,,0.563652,NO,NO,,NO
MEX,2017,2.B.4.a. Caprolactam,(please specify),70.6,"NA,NO",,0.009,NA,,0.635409,NO,NO,,NO
MEX,2018,2.B.4.a. Caprolactam,(please specify),75.809,"NA,NO",,0.009,NA,,0.682281,NO,NO,,NO
MEX,2019,2.B.4.a. Caprolactam,(please specify),49.716,"NA,NO",,0.009,NA,,0.447444,NO,NO,,NO
MEX,2020,2.B.4.a. Caprolactam,(please specify),7.9,"NA,NO",,0.009,NA,,0.0711,NO,NO,,NO
MEX,2021,2.B.4.a. Caprolactam,(please specify),21.9,"NA,NO",,0.009,NA,,0.1971,NO,NO,,NO
NLD,1990,2.B.4.a. Caprolactam,(please specify),C,NO,,C,NO,,2.48291,NO,NO,,NO
NLD,1991,2.B.4.a. Caprolactam,(please specify),C,NO,,C,NO,,2.206314,NO,NO,,NO
NLD,1992,2.B.4.a. Caprolactam,(please specify),C,NO,,C,NO,,2.176023,NO,NO,,NO
NLD,1993,2.B.4.a. Caprolactam,(please specify),C,NO,,C,NO,,2.005943,NO,NO,,NO
NLD,1994,2.B.4.a. Caprolactam,(please specify),C,NO,,C,NO,,2.630892,NO,NO,,NO
NLD,1995,2.B.4.a. Caprolactam,(please specify),C,NO,,C,NO,,2.607553,NO,NO,,NO
NLD,1996,2.B.4.a. Caprolactam,(please specify),C,NO,,C,NO,,2.66317,NO,NO,,NO
NLD,1997,2.B.4.a. Caprolactam,(please specify),C,NO,,C,NO,,2.459819,NO,NO,,NO
NLD,1998,2.B.4.a. Caprolactam,(please specify),C,NO,,C,NO,,2.597124,NO,NO,,NO
NLD,1999,2.B.4.a. Caprolactam,(please specify),C,NO,,C,NO,,2.32028,NO,NO,,NO
NLD,2000,2.B.4.a. Caprolactam,(please specify),C,NO,,C,NO,,3.031634,NO,NO,,NO
NLD,2001,2.B.4.a. Caprolactam,(please specify),C,NO,,C,NO,,2.796254,NO,NO,,NO
NLD,2002,2.B.4.a. Caprolactam,(please specify),C,NO,,C,NO,,2.905005,NO,NO,,NO
NLD,2003,2.B.4.a. Caprolactam,(please specify),C,NO,,C,NO,,2.987438,NO,NO,,NO
NLD,2004,2.B.4.a. Caprolactam,(please specify),C,NO,,C,NO,,3.09172,NO,NO,,NO
NLD,2005,2.B.4.a. Caprolactam,(please specify),C,NO,,C,NO,,3.0786,NO,NO,,NO
NLD,2006,2.B.4.a. Caprolactam,(please specify),C,NO,,C,NO,,3.1082,NO,NO,,NO
NLD,2007,2.B.4.a. Caprolactam,(please specify),C,NO,,C,NO,,2.8907,NO,NO,,NO
NLD,2008,2.B.4.a. Caprolactam,(please specify),C,NO,,C,NO,,2.7598,NO,NO,,NO
NLD,2009,2.B.4.a. Caprolactam,(please specify),C,NO,,C,NO,,3.1571,NO,NO,,NO
NLD,2010,2.B.4.a. Caprolactam,(please specify),C,NO,,C,NO,,2.8381,NO,NO,,NO
NLD,2011,2.B.4.a. Caprolactam,(please specify),C,NO,,C,NO,,3.108,NO,NO,,NO
NLD,2012,2.B.4.a. Caprolactam,(please specify),C,NO,,C,NO,,3.0017,NO,NO,,NO
NLD,2013,2.B.4.a. Caprolactam,(please specify),C,NO,,C,NO,,3.0118,NO,NO,,NO
NLD,2014,2.B.4.a. Caprolactam,(please specify),C,NO,,C,NO,,2.9318,NO,NO,,NO
NLD,2015,2.B.4.a. Caprolactam,(please specify),C,NO,,C,NO,,3.02651,NO,NO,,NO
NLD,2016,2.B.4.a. Caprolactam,(please specify),C,NO,,C,NO,,2.53418,NO,NO,,NO
NLD,2017,2.B.4.a. Caprolactam,(please specify),C,NO,,C,NO,,2.692681,NO,NO,,NO
NLD,2018,2.B.4.a. Caprolactam,(please specify),C,NO,,C,NO,,2.43659,NO,NO,,NO
NLD,2019,2.B.4.a. Caprolactam,(please specify),C,NO,,C,NO,,2.264673,NO,NO,,NO
NLD,2020,2.B.4.a. Caprolactam,(please specify),C,NO,,C,NO,,2.015919,NO,NO,,NO
NLD,2021,2.B.4.a. Caprolactam,(please specify),C,NO,,C,NO,,1.38537,NO,NO,,NO
NLD,2022,2.B.4.a. Caprolactam,(please specify),C,NO,,C,NO,,0.468334,NO,NO,,NO
NLD,2023,2.B.4.a. Caprolactam,(please specify),C,NO,,C,NO,,0.249259,NO,NO,,NO
POL,1988,2.B.4.a. Caprolactam,Caprolactam production,96.617,NO,,0.00474,NO,,0.457965,NO,NO,,NA
POL,1990,2.B.4.a. Caprolactam,Caprolactam production,97.288,NO,,0.00474,NO,,0.461145,NO,NO,,NA
POL,1991,2.B.4.a. Caprolactam,Caprolactam production,103.652,NO,,0.00474,NO,,0.49131,NO,NO,,NA
POL,1992,2.B.4.a. Caprolactam,Caprolactam production,104.681,NO,,0.00474,NO,,0.496188,NO,NO,,NA
POL,1993,2.B.4.a. Caprolactam,Caprolactam production,103.169,NO,,0.00474,NO,,0.489021,NO,NO,,NA
POL,1994,2.B.4.a. Caprolactam,Caprolactam production,106.274,NO,,0.00474,NO,,0.503739,NO,NO,,NA
POL,1995,2.B.4.a. Caprolactam,Caprolactam production,126.276,NO,,0.00474,NO,,0.598548,NO,NO,,NA
POL,1996,2.B.4.a. Caprolactam,Caprolactam production,127.769,NO,,0.00474,NO,,0.605625,NO,NO,,NA
POL,1997,2.B.4.a. Caprolactam,Caprolactam production,130.294,NO,,0.00474,NO,,0.617594,NO,NO,,NA
POL,1998,2.B.4.a. Caprolactam,Caprolactam production,131.31,NO,,0.00474,NO,,0.622409,NO,NO,,NA
POL,1999,2.B.4.a. Caprolactam,Caprolactam production,139.588,NO,,0.00474,NO,,0.661647,NO,NO,,NA
POL,2000,2.B.4.a. Caprolactam,Caprolactam production,146.923,NO,,0.00474,NO,,0.696415,NO,NO,,NA
POL,2001,2.B.4.a. Caprolactam,Caprolactam production,148.6,NO,,0.00474,NO,,0.704364,NO,NO,,NA
POL,2002,2.B.4.a. Caprolactam,Caprolactam production,152.9,NO,,0.00474,NO,,0.724746,NO,NO,,NA
POL,2003,2.B.4.a. Caprolactam,Caprolactam production,152.37334,NO,,0.00474,NO,,0.72225,NO,NO,,NA
POL,2004,2.B.4.a. Caprolactam,Caprolactam production,149.49,NO,,0.00474,NO,,0.708583,NO,NO,,NA
POL,2005,2.B.4.a. Caprolactam,Caprolactam production,159.733,NO,,0.00474,NO,,0.757134,NO,NO,,NA
POL,2006,2.B.4.a. Caprolactam,Caprolactam production,159.708,NO,,0.00474,NO,,0.757016,NO,NO,,NA
POL,2007,2.B.4.a. Caprolactam,Caprolactam production,157.602,NO,,0.00474,NO,,0.747033,NO,NO,,NA
POL,2008,2.B.4.a. Caprolactam,Caprolactam production,144.852,NO,,0.00474,NO,,0.686598,NO,NO,,NA
POL,2009,2.B.4.a. Caprolactam,Caprolactam production,144.974,NO,,0.00474,NO,,0.687177,NO,NO,,NA
POL,2010,2.B.4.a. Caprolactam,Caprolactam production,159.307,NO,,0.00474,NO,,0.755115,NO,NO,,NA
POL,2011,2.B.4.a. Caprolactam,Caprolactam production,164.044,NO,,0.00474,NO,,0.777569,NO,NO,,NA
POL,2012,2.B.4.a. Caprolactam,Caprolactam production,162.995,NO,,0.00474,NO,,0.772596,NO,NO,,NA
POL,2013,2.B.4.a. Caprolactam,Caprolactam production,159.916,NO,,0.00474,NO,,0.758002,NO,NO,,NA
POL,2014,2.B.4.a. Caprolactam,Caprolactam production,167.601,NO,,0.00474,NO,,0.794429,NO,NO,,NA
POL,2015,2.B.4.a. Caprolactam,Caprolactam production,164.695,NO,,0.0027,NO,,0.444677,NO,NO,,NA
POL,2016,2.B.4.a. Caprolactam,Caprolactam production,164.426,NO,,0.0015,NO,,0.246639,NO,NO,,NA
POL,2017,2.B.4.a. Caprolactam,Caprolactam production,167.532,NO,,0.0008,NO,,0.134026,NO,NO,,NA
POL,2018,2.B.4.a. Caprolactam,Caprolactam production,166.147,NO,,0.0008,NO,,0.132918,NO,NO,,NA
POL,2019,2.B.4.a. Caprolactam,Caprolactam production,166.516,NO,,0.0009,NO,,0.149864,NO,NO,,NA
POL,2020,2.B.4.a. Caprolactam,Caprolactam production,157.749,NO,,0.0006,NO,,0.094649,NO,NO,,NA
POL,2021,2.B.4.a. Caprolactam,Caprolactam production,169.988,NO,,0.0008,NO,,0.13599,NO,NO,,NA
POL,2022,2.B.4.a. Caprolactam,Caprolactam production,132.928,NO,,0.001176,NO,,0.156315,NO,NO,,NA
POL,2023,2.B.4.a. Caprolactam,Caprolactam production,91.019,NO,,0.00152,NO,,0.138343,NO,NO,,NA
ROU,1989,2.B.4.a. Caprolactam,Caprolactam production,49,"NA,NO",,0.009,NA,,0.441,NO,NO,,NO
ROU,1990,2.B.4.a. Caprolactam,Caprolactam production,41,"NA,NO",,0.009,NA,,0.369,NO,NO,,NO
ROU,1991,2.B.4.a. Caprolactam,Caprolactam production,25,"NA,NO",,0.009,NA,,0.225,NO,NO,,NO
ROU,1992,2.B.4.a. Caprolactam,Caprolactam production,18,"NA,NO",,0.009,NA,,0.162,NO,NO,,NO
ROU,1993,2.B.4.a. Caprolactam,Caprolactam production,19,"NA,NO",,0.009,NA,,0.171,NO,NO,,NO
ROU,1994,2.B.4.a. Caprolactam,Caprolactam production,17,"NA,NO",,0.009,NA,,0.153,NO,NO,,NO
ROU,1995,2.B.4.a. Caprolactam,Caprolactam production,22,"NA,NO",,0.009,NA,,0.198,NO,NO,,NO
ROU,1996,2.B.4.a. Caprolactam,Caprolactam production,18,"NA,NO",,0.009,NA,,0.162,NO,NO,,NO
ROU,1997,2.B.4.a. Caprolactam,Caprolactam production,22,"NA,NO",,0.009,NA,,0.198,NO,NO,,NO
ROU,1998,2.B.4.a. Caprolactam,Caprolactam production,20,"NA,NO",,0.009,NA,,0.18,NO,NO,,NO
ROU,1999,2.B.4.a. Caprolactam,Caprolactam production,10,"NA,NO",,0.009,NA,,0.09,NO,NO,,NO
ROU,2000,2.B.4.a. Caprolactam,Caprolactam production,16,"NA,NO",,0.009,NA,,0.144,NO,NO,,NO
RUS,1990,2.B.4.a. Caprolactam,Caprolactam production,231.596,NE,,0.009,NE,,2.084364,NE,NE,,NO
RUS,1991,2.B.4.a. Caprolactam,Caprolactam production,223.259,NE,,0.009,NE,,2.009331,NE,NE,,NO
RUS,1992,2.B.4.a. Caprolactam,Caprolactam production,219.46,NE,,0.009,NE,,1.97514,NE,NE,,NO
RUS,1993,2.B.4.a. Caprolactam,Caprolactam production,211.517,NE,,0.009,NE,,1.903653,NE,NE,,NO
RUS,1994,2.B.4.a. Caprolactam,Caprolactam production,136.485,NE,,0.009,NE,,1.228365,NE,NE,,NO
RUS,1995,2.B.4.a. Caprolactam,Caprolactam production,158.353,NE,,0.009,NE,,1.425177,NE,NE,,NO
RUS,1996,2.B.4.a. Caprolactam,Caprolactam production,157.282,NE,,0.009,NE,,1.415538,NE,NE,,NO
RUS,1997,2.B.4.a. Caprolactam,Caprolactam production,197.906,NE,,0.009,NE,,1.781154,NE,NE,,NO
RUS,1998,2.B.4.a. Caprolactam,Caprolactam production,162.574,NE,,0.009,NE,,1.463166,NE,NE,,NO
RUS,1999,2.B.4.a. Caprolactam,Caprolactam production,215.507,NE,,0.009,NE,,1.939563,NE,NE,,NO
RUS,2000,2.B.4.a. Caprolactam,Caprolactam production,246.782,NE,,0.009,NE,,2.221038,NE,NE,,NO
RUS,2001,2.B.4.a. Caprolactam,Caprolactam production,263.865,NE,,0.009,NE,,2.374785,NE,NE,,NO
RUS,2002,2.B.4.a. Caprolactam,Caprolactam production,264.567,NE,,0.009,NE,,2.381103,NE,NE,,NO
RUS,2003,2.B.4.a. Caprolactam,Caprolactam production,268.551,NE,,0.009,NE,,2.416959,NE,NE,,NO
RUS,2004,2.B.4.a. Caprolactam,Caprolactam production,295.585,NE,,0.009,NE,,2.660265,NE,NE,,NO
RUS,2005,2.B.4.a. Caprolactam,Caprolactam production,308.353,NE,,0.009,NE,,2.775177,NE,NE,,NO
RUS,2006,2.B.4.a. Caprolactam,Caprolactam production,318.071,NE,,0.009,NE,,2.862639,NE,NE,,NO
RUS,2007,2.B.4.a. Caprolactam,Caprolactam production,335.694,NE,,0.009,NE,,3.021246,NE,NE,,NO
RUS,2008,2.B.4.a. Caprolactam,Caprolactam production,316.564,NE,,0.009,NE,,2.849076,NE,NE,,NO
RUS,2009,2.B.4.a. Caprolactam,Caprolactam production,319.106,NE,,0.009,NE,,2.871954,NE,NE,,NO
RUS,2010,2.B.4.a. Caprolactam,Caprolactam production,329.433962,NE,,0.009,NE,,2.964906,NE,NE,,NO
RUS,2011,2.B.4.a. Caprolactam,Caprolactam production,362.264151,NE,,0.009,NE,,3.260377,NE,NE,,NO
RUS,2012,2.B.4.a. Caprolactam,Caprolactam production,329.642857,NE,,0.009,NE,,2.966786,NE,NE,,NO
RUS,2013,2.B.4.a. Caprolactam,Caprolactam production,346.666667,NE,,0.009,NE,,3.12,NE,NE,,NO
RUS,2014,2.B.4.a. Caprolactam,Caprolactam production,306.9492,NE,,0.009,NE,,2.762543,NE,NE,,NO
RUS,2015,2.B.4.a. Caprolactam,Caprolactam production,326.481481,NE,,0.009,NE,,2.938333,NE,NE,,NO
RUS,2016,2.B.4.a. Caprolactam,Caprolactam production,358.181818,NE,,0.009,NE,,3.223636,NE,NE,,NO
RUS,2017,2.B.4.a. Caprolactam,Caprolactam production,366.981132,NE,,0.009,NE,,3.30283,NE,NE,,NO
RUS,2018,2.B.4.a. Caprolactam,Caprolactam production,389.074074,NE,,0.009,NE,,3.501667,NE,NE,,NO
RUS,2019,2.B.4.a. Caprolactam,Caprolactam production,386.727273,NE,,0.009,NE,,3.480545,NE,NE,,NO
RUS,2020,2.B.4.a. Caprolactam,Caprolactam production,364.807692,NE,,0.009,NE,,3.283269,NE,NE,,NO
RUS,2021,2.B.4.a. Caprolactam,Caprolactam production,376.2222,NE,,0.009,NE,,3.386,NE,NE,,NO
RUS,2022,2.B.4.a. Caprolactam,Caprolactam production,376.2222,NE,,0.009,NE,,3.386,NE,NE,,NO
RUS,2023,2.B.4.a. Caprolactam,Caprolactam production,342.244898,NE,,0.009,NE,,3.080204,NE,NE,,NO
THA,2020,2.B.4.a. Caprolactam,Caprolactam production,121.268,,,0.009053,,,1.097793,,,,
THA,2021,2.B.4.a. Caprolactam,Caprolactam production,130,,,0.009,,,1.17,,,,
THA,2022,2.B.4.a. Caprolactam,Caprolactam production,102.776,,,0.009,,,0.925,,,,
UKR,1990,2.B.4.a. Caprolactam,Caprolactam production,C,NO,,C,NO,,0.45729,NO,NO,,NO
UKR,1991,2.B.4.a. Caprolactam,Caprolactam production,C,NO,,C,NO,,0.35694,NO,NO,,NO
UKR,1992,2.B.4.a. Caprolactam,Caprolactam production,C,NO,,C,NO,,0.29394,NO,NO,,NO
UKR,1993,2.B.4.a. Caprolactam,Caprolactam production,C,NO,,C,NO,,0.1278,NO,NO,,NO
UKR,1994,2.B.4.a. Caprolactam,Caprolactam production,C,NO,,C,NO,,0.10404,NO,NO,,NO
UKR,1995,2.B.4.a. Caprolactam,Caprolactam production,C,NO,,C,NO,,0.10044,NO,NO,,NO
UKR,1996,2.B.4.a. Caprolactam,Caprolactam production,C,NO,,C,NO,,0.117,NO,NO,,NO
UKR,1997,2.B.4.a. Caprolactam,Caprolactam production,C,NO,,C,NO,,0.00603,NO,NO,,NO
UKR,1998,2.B.4.a. Caprolactam,Caprolactam production,C,NO,,C,NO,,0.0972,NO,NO,,NO
UKR,1999,2.B.4.a. Caprolactam,Caprolactam production,C,NO,,C,NO,,0.00639,NO,NO,,NO
UKR,2000,2.B.4.a. Caprolactam,Caprolactam production,C,NO,,C,NO,,0.08775,NO,NO,,NO
UKR,2001,2.B.4.a. Caprolactam,Caprolactam production,C,NO,,C,NO,,0.13914,NO,NO,,NO
UKR,2002,2.B.4.a. Caprolactam,Caprolactam production,C,NO,,C,NO,,0.16551,NO,NO,,NO
UKR,2003,2.B.4.a. Caprolactam,Caprolactam production,C,NO,,C,NO,,0.39465,NO,NO,,NO
UKR,2004,2.B.4.a. Caprolactam,Caprolactam production,C,NO,,C,NO,,0.47007,NO,NO,,NO
UKR,2005,2.B.4.a. Caprolactam,Caprolactam production,C,NO,,C,NO,,0.45477,NO,NO,,NO
UKR,2006,2.B.4.a. Caprolactam,Caprolactam production,C,NO,,C,NO,,0.48231,NO,NO,,NO
UKR,2007,2.B.4.a. Caprolactam,Caprolactam production,C,NO,,C,NO,,0.50625,NO,NO,,NO
UKR,2008,2.B.4.a. Caprolactam,Caprolactam production,C,NO,,C,NO,,0.38772,NO,NO,,NO
UKR,2009,2.B.4.a. Caprolactam,Caprolactam production,C,NO,,C,NO,,0.17847,NO,NO,,NO
UKR,2010,2.B.4.a. Caprolactam,Caprolactam production,C,NO,,C,NO,,0.49248,NO,NO,,NO
UKR,2011,2.B.4.a. Caprolactam,Caprolactam production,C,NO,,C,NO,,0.54657,NO,NO,,NO
UKR,2012,2.B.4.a. Caprolactam,Caprolactam production,C,NO,,C,NO,,0.2268,NO,NO,,NO
UKR,2013,2.B.4.a. Caprolactam,Caprolactam production,C,NO,,C,NO,,0.11439,NO,NO,,NO
USA,1990,2.B.4.a. Caprolactam,Caprolactam production,626,NA,,0.009,NA,,5.634,NA,NA,,NO
USA,1991,2.B.4.a. Caprolactam,Caprolactam production,582,NA,,0.009,NA,,5.238,NA,NA,,NO
USA,1992,2.B.4.a. Caprolactam,Caprolactam production,625,NA,,0.009,NA,,5.625,NA,NA,,NO
USA,1993,2.B.4.a. Caprolactam,Caprolactam production,650,NA,,0.009,NA,,5.85,NA,NA,,NO
USA,1994,2.B.4.a. Caprolactam,Caprolactam production,700,NA,,0.009,NA,,6.3,NA,NA,,NO
USA,1995,2.B.4.a. Caprolactam,Caprolactam production,725,NA,,0.009,NA,,6.525,NA,NA,,NO
USA,1996,2.B.4.a. Caprolactam,Caprolactam production,720,NA,,0.009,NA,,6.48,NA,NA,,NO
USA,1997,2.B.4.a. Caprolactam,Caprolactam production,730,NA,,0.009,NA,,6.57,NA,NA,,NO
USA,1998,2.B.4.a. Caprolactam,Caprolactam production,740,NA,,0.009,NA,,6.66,NA,NA,,NO
USA,1999,2.B.4.a. Caprolactam,Caprolactam production,735,NA,,0.009,NA,,6.615,NA,NA,,NO
USA,2000,2.B.4.a. Caprolactam,Caprolactam production,760,NA,,0.009,NA,,6.84,NA,NA,,NO
USA,2001,2.B.4.a. Caprolactam,Caprolactam production,690,NA,,0.009,NA,,6.21,NA,NA,,NO
USA,2002,2.B.4.a. Caprolactam,Caprolactam production,745,NA,,0.009,NA,,6.705,NA,NA,,NO
USA,2003,2.B.4.a. Caprolactam,Caprolactam production,730,NA,,0.009,NA,,6.57,NA,NA,,NO
USA,2004,2.B.4.a. Caprolactam,Caprolactam production,785,NA,,0.009,NA,,7.065,NA,NA,,NO
USA,2005,2.B.4.a. Caprolactam,Caprolactam production,795,NA,,0.009,NA,,7.155,NA,NA,,NO
USA,2006,2.B.4.a. Caprolactam,Caprolactam production,775,NA,,0.009,NA,,6.975,NA,NA,,NO
USA,2007,2.B.4.a. Caprolactam,Caprolactam production,825,NA,,0.009,NA,,7.425,NA,NA,,NO
USA,2008,2.B.4.a. Caprolactam,Caprolactam production,800,NA,,0.009,NA,,7.2,NA,NA,,NO
USA,2009,2.B.4.a. Caprolactam,Caprolactam production,795,NA,,0.009,NA,,7.155,NA,NA,,NO
USA,2010,2.B.4.a. Caprolactam,Caprolactam production,835,NA,,0.009,NA,,7.515,NA,NA,,NO
USA,2011,2.B.4.a. Caprolactam,Caprolactam production,835,NA,,0.009,NA,,7.515,NA,NA,,NO
USA,2012,2.B.4.a. Caprolactam,Caprolactam production,775,NA,,0.009,NA,,6.975,NA,NA,,NO
USA,2013,2.B.4.a. Caprolactam,Caprolactam production,785,NA,,0.009,NA,,7.065,NA,NA,,NO
USA,2014,2.B.4.a. Caprolactam,Caprolactam production,755,NA,,0.009,NA,,6.795,NA,NA,,NO
USA,2015,2.B.4.a. Caprolactam,Caprolactam production,700,NA,,0.009,NA,,6.3,NA,NA,,NO
USA,2016,2.B.4.a. Caprolactam,Caprolactam production,640,NA,,0.009,NA,,5.76,NA,NA,,NO
USA,2017,2.B.4.a. Caprolactam,Caprolactam production,545,NA,,0.009,NA,,4.905,NA,NA,,NO
USA,2018,2.B.4.a. Caprolactam,Caprolactam production,530,NA,,0.009,NA,,4.77,NA,NA,,NO
USA,2019,2.B.4.a. Caprolactam,Caprolactam production,515,NA,,0.009,NA,,4.635,NA,NA,,NO
USA,2020,2.B.4.a. Caprolactam,Caprolactam production,480,NA,,0.009,NA,,4.32,NA,NA,,NO
USA,2021,2.B.4.a. Caprolactam,Caprolactam production,510,NA,,0.009,NA,,4.59,NA,NA,,NO
USA,2022,2.B.4.a. Caprolactam,Caprolactam production,560,NA,,0.009,NA,,5.04,NA,NA,,NO
